project_name,organization,category,suggested_track,app_url,status,tier_suggestion,good,missing,relevance_to_criteria,stage,award_xp
Ducky,DuckyDev,TOOL,Autonomous Agents,agent.1ducky.store,Live-Verified,Silver (preliminary),"Real autonomous payment agent on testnet2. Shows actual fired-rule counts with timestamps (not just claims), a real wallet/nametag/chainPubkey, open-source with README, and is refreshingly transparent that it never exposes secrets to the page. Rules (notify/auto-fee/split/conditional/balance-watch) genuinely fire without human approval. The rule engine is legible: each rule type maps to a plain-language condition and action, so a reviewer can predict what the agent will do before it does it, which is a good sign for eventual production use. Code is open-source with a README that documents the rule schema, which lowers the trust bar considerably versus a closed black box.","Nothing major blocks review. Could add a public activity feed screenshot or short video in the README for reviewers who don't want to send a test payment themselves, and a short note on what happens if a rule condition is ambiguous or a rule fails mid-execution (does it retry, alert, or silently drop?) would round out the autonomy story.","Strong direct hit on SDK depth and autonomy: rules fire on wallet events without a human approving each one, using real testnet2 payments rather than mocked ones. Usefulness and network contribution are solid (a reusable rule-engine pattern other builders could fork) but craft/polish is more developer-facing than end-user-facing.",Pending,
DealBot,Long,DEFI,Autonomous Agents / Payments & Markets,dealbot-unicity.vercel.app,Live-Verified,Silver (preliminary),"Textbook agent-to-agent negotiate-and-settle: BuyerBot/SellerBot discover each other, negotiate via Nostr DMs, escrow-settle on testnet2. Explicitly labelled with its tracks and states 'AstridOS Ready' (eligible for the +500 XP bonus). Clean architecture diagram, matches the official example idea almost exactly. The negotiation transcript is visible in the UI, which is helpful for reviewers because it shows the actual offer/counter-offer exchange rather than just a final settled state.","Confirm the 'Start Live Agent Demo' button actually executes a real negotiation end-to-end against testnet2 (escrow lock, settlement, funds movement) rather than a scripted or pre-recorded animation before awarding any tier above Silver — this is the one thing that would materially change the assessment if it turned out to be staged.","Very close to the official 'two agents negotiate and settle autonomously' example, so depth of SDK use and autonomy both look strong on paper. Usefulness and network contribution hinge entirely on whether the live demo is a real testnet2 settlement or a scripted replay — that single verification determines the actual score here.",Pending,
Musyawarah,MOR-DEV,SOCIAL,Social & Messaging,musyawarah.vercel.app,Live-Verified,Silver (preliminary),"Wallet-based deliberation forum with genuine UCT tipping, verification tiers paid in UCT, and a v2.1 peer-to-peer hiring/escrow feature (list a job, negotiate by DM, escrow, release, rate). Loads as a Sphere Agent iframe with silent auto-connect. Very polished copy and UX — onboarding, tipping, and the hiring flow all read like a shipped product rather than a hackathon demo, and the verification-tier-for-UCT mechanic is a real economic loop, not just a badge.","Escrow is described as custodial (the same treasury wallet holds funds during a job) rather than trustless — this is fine to ship and disclose, but worth flagging to the devs so they describe it accurately in any public-facing materials if this is featured, since 'escrow' can imply trustlessness to users who don't read the fine print.","Solid usefulness and craft — a genuinely polished social/hiring product with a real UCT payment loop. SDK depth is good (wallet auto-connect, real tipping) though the custodial escrow model means autonomy and trust-minimization are weaker than the non-custodial submissions in this batch.",Pending,
Unicity Arena,Aslan,GAME,Games & Gaming,unicity-arena2.pages.dev,Live-Verified,Silver (preliminary),"Genuinely novel: an AI social-deduction (mafia-style) game where LLM agents play each other, commit-reveal fairness, prize pool settled on-chain, testnet2. Strong originality relative to the 5+ 2048/coinflip clones in the queue — this is one of the only submissions where the 'game' itself is agent-vs-agent rather than human-vs-house, which is a much closer fit to the campaign's autonomous-agent framing than a slot-machine mechanic.","Confirm the prize pool payout is a real on-chain settlement (funds actually move on testnet2 at round end) and not just a UI animation — this is the standard verification gap for any 'provably fair' or 'on-chain payout' game claim in this batch, and it's the deciding factor between Bronze and a higher tier here.",Strong on usefulness-through-originality and craft — an actual multi-agent game rather than another wallet-gated arcade clone. Autonomy is demonstrated via LLM agents playing each other; SDK depth and network contribution both depend on the on-chain payout claim being verified as real rather than cosmetic.,Pending,
Intent Marketplace,jinkey,TOOL,Autonomous Agents,unicity-intent-marketplace.vercel.app,Live-Verified,Bronze (preliminary),"Deep, correct SDK use: sphere.market bulletin board, Nostr DM negotiation, atomic swap escrow, all explicitly named. Has a 'Launch Autonomous Agents' button to run a live two-agent demo in-browser, which is a rare feature in this batch — most submissions only describe autonomy in copy rather than letting a reviewer trigger it directly.","Agents were idle (not started) at check time — re-run the live demo and let it run to completion to confirm it actually completes a swap rather than stalling partway through the negotiation or escrow step. If it stalls, get specifics from the builder on which stage fails (discovery, negotiation, or settlement).","Good depth of SDK use with named, correct primitives (sphere.market, Nostr, atomic swaps) and a built-in trigger for autonomous behavior, which is exactly what the criteria ask for. Score is currently capped because the live demo wasn't observed completing end-to-end — usefulness and network contribution both hinge on that verification.",Pending,
Unicity Pulse,Maic,UTILITY,Open,unicity-pulse.vercel.app,Live-Verified,Bronze (preliminary),"Genuine network analytics/visualization dashboard. Shows real SDK version (v0.11.3), correct testnet2 gateway id, live latency reading (409ms), and a live SDK event feed — the kind of specific detail a fake wouldn't bother including. This is one of the few submissions aimed at helping other builders (network observability) rather than at end users directly, which is a distinct and useful category.","Most panels read 'Not connected' / '—' until a wallet is connected — fine as a design choice, but worth connecting a test wallet during review to confirm the live data actually populates correctly rather than staying in a placeholder state indefinitely.","Strong network-contribution angle: this is developer tooling that makes the SDK/network more observable for everyone else, which is exactly the kind of 'what they add to the network' impact the criteria call out. SDK depth looks real (correct version/gateway details); usefulness to end users is more indirect since its audience is other builders.",Pending,
AgentWork,UniPay,TOOL,Autonomous Agents / Payments & Markets,agentwork-black.vercel.app,Live-Verified,Bronze,"Agentic task marketplace: agents bid on and complete tasks autonomously, backed by live Supabase data, explicit Sphere SDK v0.10.3, uses Groq llama-3.3-70b for agent reasoning. Rechecked: the task board is no longer empty — now shows 6 open tasks, 2 tasks under ""My Tasks,"" and 4 active bids in the Agent Zone, so the bidding/completion flow can now actually be observed rather than taken on faith.","Would still be good to walk one task through the full bid -> award -> completion cycle to confirm the escrowed bounty actually releases correctly, but the previously-flagged ""empty board"" issue is resolved.","Good conceptual fit for autonomy and SDK depth (named LLM-driven agents bidding via a real backend), and usefulness is now easier to credit with real content on the board — 6 open tasks and 4 active bids to look at rather than an empty state.",Pending,
Sphere Gigs,Test Lab,UTILITY,Autonomous Agents / Payments & Markets,sphere-gigs-chi.vercel.app,Live-Verified,Bronze (preliminary),"P2P marketplace for AI services explicitly built on atomic swaps and Nostr, matching real SDK primitives. Clean onboarding flow (claim a nametag identity) that's clearly designed with agent-to-agent commerce in mind rather than being a generic storefront template.","Review only reached the onboarding screen — claim an identity and proceed into the actual marketplace/listing flow to verify listings, bidding, and settlement all work as described, since none of that was directly observed yet.","Named use of atomic swaps and Nostr gives it credible SDK depth on paper, and the agent-to-agent service framing fits the autonomy and usefulness criteria well. Actual score is provisional until the marketplace flow past onboarding is verified — that's the main open question for craft and usefulness.",Pending,
Univoucher,daffy org,TRADING,Payments & Markets,univoucher-gray.vercel.app,Live-Verified,Bronze (preliminary),"Real storefront pattern: live catalog (Steam/Google Play/Amazon/Netflix vouchers priced in UCT), real checkout flow with coinId/testnet2 network shown, 'Pay with Sphere' intent. Commendably honest in-app about its own limitations, which is a genuinely good signal — the team clearly understands the gap between their demo and a production-ready fulfillment pipeline rather than glossing over it.","Self-discloses: 'Demo mode — after the Sphere send intent resolves, UniVoucher issues a local demo voucher code. Production must verify payment and fulfill from a server-side supplier.' Fulfillment is not yet real — the payment intent fires but nothing is actually delivered server-side. Cap at Bronze (preliminary) until real fulfillment (even a small pilot with one voucher SKU) is wired up.","Good SDK depth on the payment-intent side (real checkout, correct network/coinId), but usefulness is capped by the self-disclosed lack of real fulfillment — the core value proposition (getting an actual voucher) doesn't work yet. Craft and honesty about limitations are a genuine strength worth crediting.",Pending,
Treasury Manager Agent,Researchlism,UTILITY,Autonomous Agents,dashboard-indol-beta-92.vercel.app,Live-Verified,Bronze (preliminary),"Matches the official 'autonomous treasury' example idea closely: human sets policy limits once (poll interval, target balance, auto-approve cap, daily payout cap), agent operates within bounds. Has a second 'Bob' testbed identity to demonstrate real transfers, which is a thoughtful way to let reviewers see a genuine autonomous payout rather than taking the policy description on faith.","Logs were empty and the agent was not started at check time — start the agent and the Bob testbed to confirm a real autonomous transfer fires within the configured policy bounds, and capture that log output for the next review pass since an idle agent can't be scored on autonomy alone.","Very close match to the campaign's own 'autonomous treasury manager' example idea, so conceptual fit on autonomy and SDK depth is strong. The score is currently limited by not having observed a real autonomous transfer fire — that single log entry would materially strengthen usefulness and network-contribution scoring.",Pending,
FlowPool,Test Lab,DEFI,Payments & Markets / Autonomous Agents,flowpool.vercel.app,Live-Verified,Bronze,"Interesting 'threshold flash-buy swarm' concept — group-buy pools that execute, issue tokens, and refund automatically based on thresholds/deadlines with no human intervention once created. The automatic-refund-on-miss-threshold design is a genuinely useful autonomous pattern if it works as described.","Active swarms list was stuck on 'Connecting to Agent API...' at check time — backend doesn't appear fully wired up yet, so none of the threshold/refund logic could be observed in practice. Recheck once the Agent API connection issue is resolved.","Good conceptual autonomy (threshold-triggered execution and refunds with no human step) but the backend wasn't reachable during review, so SDK depth, usefulness, and craft can't yet be verified in practice — score reflects the idea, not confirmed working behavior.",Pending,
Sphere Agent Exchange,Test Lab,UTILITY,Autonomous Agents / Payments & Markets,sphere-agent-exchange-wgji.vercel.app,Live-Verified,Bronze,"Good concept coverage: treasury manager, intent market, agent directory/reputation, real 'Connect Wallet' CTA, explicit Testnet v2 branding. Bundling several of the campaign's example ideas (treasury, intents, reputation) into one hub is ambitious.","Displayed stats (1,204 active agents, 842 open intents, 4.2M UCT in escrow) look implausibly large for an ~89-submission testnet and are likely hardcoded/mocked rather than live — flag this directly to the builder and ask them to either wire up real counts or clearly label the numbers as illustrative, since inflated stats undermine trust in the rest of the app.","Breadth of concept coverage is a plus for usefulness, but the likely-fabricated activity stats are a real craft and honesty concern that should be resolved before this can be scored higher — trustworthy data display matters as much as SDK depth for a hub app like this.",Pending,
Sphere SDK Research Agent,tramnt,OTHER,Open,sphere-research-agent-final.vercel.app,Live-Verified,Bronze,"Useful dev-support utility: an SDK Q&A chatbot with a real connected wallet (DIRECT:// address shown). Helpful category for onboarding new builders, and having a real wallet connection (rather than a plain chatbot with no on-chain identity at all) is a nice touch.","Limited to Q&A about the SDK itself rather than doing anything with it economically — low depth of SDK use beyond the wallet connection shown. Consider whether a future version could gate advanced Q&A behind a small UCT payment to demonstrate real economic SDK use, not just identity.","Useful as a developer-onboarding aid (helps others adopt the SDK, a real network-contribution angle) but thin on autonomy and on economic SDK use — it answers questions rather than doing anything with funds or agent-to-agent interaction.",Pending,
The Cryptographic Scavenger Hunt,jinkey,GAME,Games & Gaming / Autonomous Agents,the-cryptographic-scavenger-hunt.vercel.app,Live-Verified,Bronze,"Creative premise: a 'Game Master' agent vs 'Player/Solver' agent simulation with a live system log feed, Vault Guardian / Solver AI roles. The dual-agent framing (rather than a single scripted bot) is a nice fit for the autonomous-agents track if it's real.","Only saw an idle 'Awaiting command' state during review — needs to actually run the simulation to confirm real agent-vs-agent logic is driving the log feed, rather than pre-scripted log lines that play regardless of input. Ask the builder for a short recorded run if a live demo isn't practical during review windows.",Interesting autonomy concept (two agents genuinely opposing each other) but unverified in this pass since it was idle — usefulness and craft scoring should be revisited once a live or recorded run confirms the log feed reflects real agent behavior.,Pending,
Web3 Builder Hub,w3bnft,GAME,Games & Gaming,154-12-117-26.sslip.io,Live-Verified,Bronze,Basic but functional-looking wallet-connect + clicker game + quest list + leaderboard scaffold. Functions as a minimal working example even if unpolished.,"Hosted on a raw reverse-IP domain (sslip.io) rather than a proper domain — looks unfinished/unpolished, and craft is generic template-level (clicker + quest list is one of the most common low-effort submission patterns in this batch). Suggest the builder move to a proper domain and add at least one differentiating mechanic before resubmitting for a higher tier.","Functional but generic — SDK use is present (wallet connect) but shallow, autonomy is absent, and usefulness/craft are both limited by the templated clicker-game pattern and unpolished hosting choice.",Pending,
Sphere AutoVend,Eric Wots,UTILITY,Autonomous Agents / Payments & Markets,eric-unicity-project-production.up.railway.app,Live-Verified,Unverifiable,"Real agent-to-agent vending pattern matching the official example idea: a live JSON status endpoint shows a real nametag (@eric-autovend), real wallet address, live=true, and DM-based purchase flow (menu / buy <id> / send UCT). The fact that it's independently checkable via a status endpoint (rather than requiring a full UI walkthrough) is a nice, verifiable design choice.","No web UI at all — it's a bare JSON endpoint with no page a reviewer or end user can open in a browser. The competition's eligibility rules require a live, publicly viewable webpage, not just a reachable backend; applying the same bar used for repo-only submissions elsewhere in this batch, this doesn't currently qualify for scoring. The DM-driven vending flow described below is real and interesting, but it needs a minimal web UI (even just a status page rendering the same JSON, or a simple purchase form) before it can be fairly compared against the rest of the queue.","Cannot be credited under the eligibility rules without a public webpage, even though the underlying agent-to-agent vending pattern (DM-driven purchase flow, real nametag/wallet, live=true status) looks like a strong, direct fit for autonomy and SDK depth on paper. Ask the builder to ship a minimal web UI before this can be properly scored against the five criteria.",Pending,
Unicity Coin Flip (Game Hall),hardexe,GAME,Games & Gaming,unicity-dice-duel.vercel.app,Live-Verified,Bronze,"Multi-game casino hub (Coin Flip, Mines, Dig for Treasure), explicitly built on Sphere SDK + ConnectClient, claims provably-fair + on-chain payout for each game. Offering three distinct game mechanics under one SDK integration is more effort than a single-game submission.","Landing page only was reviewed — would need to actually play a round of at least one game to confirm payouts are real on-chain settlements rather than client-side random numbers, since 'provably fair' claims are common in this batch and not always backed by verifiable on-chain logic.","Multiple game mechanics on one SDK integration is a reasonable usefulness/craft signal, but the 'provably fair, on-chain payout' claim is unverified — that's the deciding factor for SDK depth and trustworthiness here.",Pending,
Las Vegas,vibe-beyond,GAME,Games & Gaming,las-vegas-beta.vercel.app,Live-Verified,Bronze,Round-based lottery/game with real round numbering (Round #4) suggesting genuine recurring rounds rather than a static demo — the presence of a real round counter is a small but meaningful signal of actual backend state rather than a purely front-end mockup.,"Text extraction only caught a 'round settled with no entries' state — no visible wallet-connect UI in the captured content, so SDK depth and the actual entry/payout flow couldn't be directly confirmed. Needs a closer, interactive pass (connect a wallet, attempt to enter a round) to properly assess.","The recurring-round pattern hints at real backend state (a small usefulness/craft positive), but without observing a wallet connection or an actual entry, SDK depth and autonomy can't be confidently scored yet.",Pending,
CoinFlip House,Nft Minting website,GAME,Games & Gaming,coinflip-house-unicity-production.up.railway.app,Live-Verified,Unverifiable,"Live backend agent process confirmed running ('CoinFlip House Agent is running...'), which at least establishes the service is up and doing something server-side rather than being entirely static.","No visible frontend/UI reachable at the submitted URL — only a backend log line. Applying the same eligibility bar used for repo-only submissions elsewhere in this batch (a live, publicly viewable webpage is required, not just a reachable backend process), this doesn't currently qualify for scoring. Ask the builder for a working frontend URL before this can be assessed.","Cannot be credited under the eligibility rules without a public webpage — only a bare backend status line is reachable, with no UI a reviewer or end user could actually interact with.",Pending,
Agent Market Desk,kalyzom,TOOL,Autonomous Agents,unicity-agentic-escrow-bot.vercel.app,Live-Verified,Bronze,"Real autonomy pattern described: 'Run autopilot to match an online agent' with policy-based autoselection of a matched agent/payee from a seeded directory — the policy-based auto-matching concept is a genuine autonomy pattern, distinct from a simple manual-trigger bot.","Page is very sparse (canvas/JS heavy, minimal text extracted) — needs a fuller screenshot/click-through pass to assess craft and depth properly, since automated text extraction likely missed most of the actual UI. Recommend a manual browser walkthrough before finalizing any tier.","The autopilot/policy-matching concept fits autonomy well on paper, but the page's heavy reliance on canvas/JS rendering makes it hard to verify SDK depth or usefulness through a standard review pass — needs a manual click-through before scoring further.",Pending,
Unicity Snake,Unicity Snake,GAME,Games & Gaming,unicitysnake.vercel.app,Live-Verified,Bronze,"Simple, functional wallet-gated Snake clone with a stated token-earning mechanic (SNAKE tokens) — works as advertised at a basic level.","Very basic craft/originality — a standard browser game template with a wallet-connect and token bolted on, with no autonomous or agent-facing component and minimal SDK depth beyond the connect step. Unlikely to stand out unless the builder adds a genuinely novel economic or agent-driven mechanic.","Weak across most criteria: SDK use is shallow (wallet connect only), no autonomy component, and usefulness/craft are limited by being a generic game template with a token bolted on rather than a purpose-built Sphere use case.",Pending,
Sphere 2048 Arena,Lone Eagle,GAME,Games & Gaming,sphere-2048.web3artisan.online,Live-Verified,Bronze,Functional 2048 clone with wallet connect and daily/all-time leaderboards — the leaderboard split (daily vs all-time) is a small but real feature beyond the base template.,"One of at least 5 2048 clones submitted (Brain Game-2048, Sphere 2048, Sphere 2048 Arena, plus 2 dead ones) — low originality relative to Sphere 2048's deposit/prize-pool loop; likely redundant if another 2048 clone is already featured. Recommend the builder differentiate with a mechanic not shared by the other clones if resubmitting.","Functionally similar to several other submissions in the same category; usefulness and craft are moderate but originality is low, and there's no autonomy or deep SDK-use component beyond wallet connect and leaderboard tracking.",Pending,
Agent Relay,Lati,GAME,Games & Gaming / Autonomous Agents,agent-quest-relay.vercel.app,Live-Verified,Bronze,"Extremely ambitious, well-designed multi-agent architecture: 4 autonomous agent processes (Verification/Puzzle/Lore/Treasury), guild system, Sphere wallet handshake, Nostr DM relays, a genuine v1-v4 roadmap including AstridOS WASM capsules. This is one of the most architecturally ambitious submissions in the entire queue in terms of scope.","All 4 agent processes show 'msgs 0' despite being labelled LIVE — the elaborate UI may currently be front-end-only with no real backend traffic yet. Verify actual Nostr message activity (even a handful of real messages between the 4 processes) before trusting the 'autonomous' claim, since the gap between the roadmap's ambition and the msgs=0 counters is currently the single biggest question mark on this submission.","If the 4-agent architecture is real, this would score very highly on autonomy, SDK depth, and network contribution (guild system, roadmap toward AstridOS). Right now the msgs=0 counters mean autonomy is unverified — the score reflects design ambition, not yet confirmed working behavior.",Pending,
Unicity Arbitrator Bot,jinkey,TOOL,Autonomous Agents,unicity-arbitrator-bot.vercel.app,Live-Verified,Bronze,"Ambitious concept: AI dispute arbitrator monitoring Nostr group chats, Ed25519 signature verification, automated escrow settlement via Sphere SDK. The named cryptographic verification approach (Ed25519) suggests real technical thought went into the design even if execution is currently inconsistent.","Internal inconsistency: counters show 'Disputes Handled: 0 / Resolved: 0' while the activity feed simultaneously claims 'Dispute #127 resolved 2 minutes ago' — the live feed looks fabricated/hardcoded rather than reflecting the real counters, which is a meaningful trust concern to raise directly with the builder. Also flagged by another reviewer (1 downvote) and API Health shows 'Degraded.' Needs real verification of the counters and the API health issue before any XP is awarded.","Concept and named cryptographic approach show real SDK-relevant thinking, but the counters-vs-activity-feed mismatch is a credibility problem that undermines usefulness and craft scoring until resolved — this needs a direct clarifying conversation with the builder before it can move up.",Pending,
Agentic Credit Scoring,jinkey,TOOL,Autonomous Agents,agentic-credit-scoring.vercel.app,Live-Verified,Bronze,"Polished concept and UI: on-chain reputation/Sybil-detection oracle for Sphere Nametags, paywalled via P2P UCT transfer, AstridOS sandbox bonus logic described. The pay-to-query design is a genuine economic use of the SDK rather than a purely informational tool.","Score outputs looked inconsistent across different nametags during testing, suggesting the result may be randomized or not fully computed from real on-chain data. Re-verify with multiple nametags (ideally including a known-fresh nametag and a known-established one, which should score differently in a consistent way) before trusting any score it returns.","Good SDK-economic design (pay-per-query via UCT) supports usefulness and depth, but the inconsistent scoring results are a real concern for whether the underlying reputation computation is genuine — that needs to be resolved before crediting this with strong usefulness.",Pending,
Sphere Maker,ChiChi Labs,TRADING,Payments & Markets,sphere-maker.vercel.app,Live-Verified,Bronze,"Honest about its own state rather than faking functionality — the builder clearly disclosed the app's limitations rather than presenting a static mockup as if it were live, which is worth noting positively even though it caps the tier.","Self-admittedly a 'Static reviewer preview' only — 'Live SDK mode is available from the repository run instructions,' meaning the public URL is not actually a live, working app. Fails the spirit of the 'live at a publicly viewable location' eligibility rule as submitted. Ask the builder to deploy the live SDK mode publicly, not just document how to run it locally.","Cannot be scored on SDK depth, autonomy, or usefulness from the public URL as submitted, since it's a static preview rather than the actual live app — deploying the live SDK mode publicly is a prerequisite for proper evaluation.",Pending,
Sphere_AI_Accountant,CryptoKing,TOOL,N/A,github.com,Repo-only,Unverifiable,N/A.,"Repo-only submission, no live deployed URL provided. Ask the builder to deploy and resubmit with a working public URL before this can be scored.","Cannot be evaluated against the five criteria without a live, publicly reachable deployment.",Pending,
Sphere Market Maker,hardexe,DEFI,N/A,github.com,Repo-only,Unverifiable,N/A.,"Repo-only submission, no live deployed URL provided. Ask the builder to deploy and resubmit with a working public URL before this can be scored.","Cannot be evaluated against the five criteria without a live, publicly reachable deployment.",Pending,
Encoder Agent,Encoder,SOCIAL,N/A,github.com,Repo-only,Unverifiable,N/A.,"Repo-only submission, no live deployed URL provided. Ask the builder to deploy and resubmit with a working public URL before this can be scored.","Cannot be evaluated against the five criteria without a live, publicly reachable deployment.",Pending,
Agent-to-Agent Service Esc1200,EscDev Hub,TOOL,N/A,github.com,Repo-only,Unverifiable,N/A.,"Repo-only submission, no live deployed URL provided. The project name suggests an agent-to-agent escrow service, which would be relevant to the campaign if deployed — ask the builder to deploy and resubmit.","Cannot be evaluated without a live deployment, though the project name suggests the concept (agent-to-agent escrow) would be directly relevant to the criteria if it were live.",Pending,
KunZinTV DePIN Gate Agent,KunZinTV,UTILITY,N/A,unicity-depin-agent.vercel.app,Live-Verified,Unverifiable,N/A.,"Rechecked: the submitted URL now returns a raw video/mp2t stream (binary data) instead of an HTML page — there's no webpage a reviewer or end user could actually open. Applying the same bar used for other ""no web UI"" submissions in this batch (Sphere AutoVend, CoinFlip House, AgentWill), this doesn't currently qualify for scoring. Ask the builder to confirm the deployment is serving a proper web page at this URL rather than a raw stream.",Cannot be credited under the eligibility rules without a public webpage — the URL currently serves a raw video-stream response rather than anything a reviewer could evaluate.,Pending,
UCT Pay Link,MOR-DEV,TOOL,Payments & Markets,uct-pay-link.vercel.app,Live-Verified,Bronze (preliminary),"Same app as 'Unicity Pay Link' above. Clean, professional invoicing storefront UI, real payment-link/QR generation framing, explicit Sphere Wallet compatibility claim — the invoicing-for-businesses framing is a distinct and genuinely useful angle versus the many consumer-facing game/casino submissions in this batch.","'AI Agent Integration' is explicitly marked 'Coming Soon' rather than live — current version is more a payments UI than deep autonomous SDK use. Verify bulk-generation and Sphere payment flow actually execute against testnet2 (create a link, simulate a payment) before considering it for advancement, since the core claims haven't been directly tested end-to-end yet.","Solid usefulness and craft for a business-payments use case, and real Sphere Wallet compatibility gives it reasonable SDK depth. Autonomy is explicitly not yet live ('Coming Soon'), which is the main gap versus the criteria right now.",Pending,
Virelo,Velero,TRADING,Payments & Markets,virelo.netlify.app,Live-Verified,Bronze,"Real digital-goods storefront pattern ('digital goods settled with Sphere') — listed item ('Prism Research Agent', 18 UCT) with an 'Add to bag' checkout action. Pricing an actual AI-agent product in UCT is a nice example of a real economic use case rather than a generic shop template.","Only a single catalog item was visible in the captured content — needs a fuller pass to confirm checkout completes a real Sphere payment end-to-end and to see the full catalog/craft, since one item isn't enough to judge overall content depth.","Reasonable SDK depth and usefulness (a real UCT-priced digital good with a checkout flow), but the catalog's thinness at review time limits how much craft and network contribution can currently be credited.",Pending,
AgentWill,AgentWill,UTILITY,Autonomous Agents,agentwill.onrender.com,Live-Verified,Unverifiable,"Live backend monitoring/watcher agent confirmed running, with real API endpoints exposed (/api/heartbeat, /api/watcher). Having discoverable, working API endpoints is a genuine signal of a real backend service rather than a static page.","No web UI — bare backend status text only, with no page a reviewer can open and interact with. Applying the same eligibility bar used for repo-only submissions elsewhere in this batch (the competition requires a live, publicly viewable webpage, not just a reachable backend), this doesn't currently qualify for scoring. Ask the builder for a minimal status/dashboard page, or clear API documentation plus a UI, before this can be assessed against the five criteria.","Cannot be credited under the eligibility rules without a public webpage. The named heartbeat/watcher endpoints hint at a real autonomous monitoring service that could fit the autonomy criterion well once a UI exists, but there's currently nothing a reviewer can open in a browser to evaluate.",Pending,
SphereVoice,Pawan Labs,DEFI,Payments & Markets / Autonomous Agents,sphere-voice.vercel.app,Live-Verified,Bronze,"Clean, coherent chat-based UX for controlling a Sphere wallet in plain English (landing page advertises ""What's my balance?"", ""Send 5 UCT to @alice"", ""Mint 1000 UCT"", ""Schedule 10 UCT to @bob in 5 minutes""). When tested live without a connected wallet, the AI chat gave a correct, honest guardrail response (""Please connect your wallet first, go to the Settings tab"") instead of hallucinating a balance — a real trust signal. The Settings and Balance tabs disclose specific, correct technical detail rather than generic copy: SDK package @unicitylabs/sphere-sdk, network ""testnet2 (v2 engine)"", real endpoint hostnames (gateway.testnet2.unicity.network, wallet-api.unicity.network), and the Balance tab is explicitly labelled ""live from sphere.payments.getAssets()"", naming a real SDK method. The app's tab structure (Chat, Balance, History, Schedule, Automation Log, Settings) matches its advertised feature set (AI Chat, Instant Send, Schedule, Automation, SMT Explorer) rather than over-promising, and it links out to a real SMT Explorer and the Sphere SDK developer docs.","Wallet connection consistently failed during review — the Settings tab shows ""Sphere Wallet: Connection Error / Connection timeout"", and a second connect attempt several seconds later timed out the same way. Because of this, no real balance, send, mint, or scheduled-payment action could be verified end-to-end; everything above is inferred from the app's own labels and error-handling rather than a completed transaction. The Automation Log tab (billed as ""autonomous agent execution feed"") shows a mismatched empty-state string copied from the Balance tab (""Connect your wallet to see balances"") — a minor copy bug, but it also means the app's central autonomy claim (""Watch SphereVoice handle the rest, autonomously and on-chain"") is entirely unverified in this pass. Ask the builder to confirm the wallet-api/gateway connection works reliably for a fresh reviewer with no prior session, and to fix the Automation Log empty-state copy.","Reasonable SDK depth for a reviewer to have confidence in — real endpoint names, a disclosed SDK version, and a named real SDK method visible in the UI — plus a genuinely novel usefulness angle (natural-language control of a Sphere wallet) relative to the more conventional apps in this batch. Autonomy is a headline claim in the app's own copy but completely unverified here since wallet connect never succeeded in two attempts; craft is otherwise clean aside from the connection failure and one mismatched empty-state string.",Pending,
TreasuryAgent,UniPay,TOOL,Autonomous Agents / Open,treasury-agent-wv31.onrender.com,Live-Verified,Silver (preliminary),"One of the strongest live demonstrations of real autonomy in the whole queue. Real running balance (197 of 1,000 UCT budget), 20 real transactions, 152 logged AI decisions, and 156 completed cycles — not placeholder numbers. Spend is broken into real categories (research, operations, ai_services) with visible per-category budget caps, and the agent has already auto-rebalanced funds between categories on its own ('Moved 16 UCT from operations to ai_services to prevent overspend'). It also generates its own AI-written weekly financial reports summarizing spend and recommending next steps. Notably, its transaction history shows it actually paying two other UniPay-org submissions in this same queue (Kaima and AgentWork) for real services, which is a genuine agent-to-agent economy in action rather than an isolated demo. GitHub repo (Kaypoops/treasury-agent) is linked and named explicitly, SDK version (sphere-sdk v0.10.3) is disclosed.","Balance is currently flagged 'critical' (197/1,000, 20% remaining) with repeated identical alerts stacking up — worth checking whether the alerting logic dedupes properly or would spam a real user. Would also help to confirm the cross-agent payments to Kaima/AgentWork are genuine testnet2 transfers rather than simulated ledger entries internal to this one app.","Excellent fit across nearly all five criteria: deep, disclosed SDK use, fully autonomous operation with real spend/rebalancing decisions, clear usefulness (a working budget-management pattern), and — unusually — visible contribution to the network via real payments to other builders' agents in the same campaign. Craft is strong (live dashboard, real reports) though the stacked duplicate alerts are a minor polish gap.",Pending,
Kaima,UniPay,UTILITY,Autonomous Agents,kaima-product.up.railway.app,Live-Verified,Silver (preliminary),"A genuinely functioning agent-for-hire service: five priced services (deep research, document summary, data analysis, content writing, strategic advice), a real job queue with a visible request → invoice → payment-address → delivery flow, and actual completed job transcripts showing real AI-generated output (a full research report, a written article, a document summary) rather than lorem-ipsum placeholders. Total earned (170 UCT) and total jobs (3, all completed) are shown with real per-job pricing. Explicitly disclosed as fully autonomous ('no human in the loop'), names its SDK version (@unicitylabs/sphere-sdk@0.10.3), its AI model (Groq llama-3.3-70b), and links a GitHub repo (Kaypoops/Kaima). Same builder ecosystem as TreasuryAgent, which is seen paying Kaima for real work in TreasuryAgent's own transaction log — cross-corroborating evidence that this is a real, working multi-agent setup rather than isolated demos.","Job queue shows a small, fixed set of demo transactions (3 completed jobs) rather than organic ongoing activity — worth checking back later in the campaign to see if real third-party usage accumulates. Invoice flow currently instructs the payer to send UCT to a wallet address manually rather than a one-click Sphere payment intent; a tighter checkout flow would raise the craft bar further.","Strong depth of SDK use and autonomy — a real invoice/payment/delivery loop with no human step, corroborated by TreasuryAgent's own transaction log actually paying it. Usefulness is concrete (real deliverables shown) and it meaningfully demonstrates what an agent-to-agent service economy on Sphere could look like, a solid network-contribution signal.",Pending,
PredictSphere,UniPay,GAME,Games & Gaming / Payments & Markets,predictsphere.onrender.com,Live-Verified,Bronze,"Real football-prediction/odds product with eight live fixtures across six leagues, per-outcome odds (win/draw/win), and a visible per-match prediction counter (e.g. '2 predictions' on Real Madrid vs Barcelona) that suggests genuine backend state rather than a static mockup. Wallet-connect gate and explicit UCT settlement on testnet2. Also references Aviator and Dice modes alongside the football book, suggesting a broader betting-game suite from the same UniPay builder group behind TreasuryAgent and Kaima.",Only 3 total predictions recorded across all 8 open matches at check time — thin real usage so far. Would be good to place a real test prediction end-to-end to confirm settlement actually pays out in UCT against testnet2 rather than just recording a client-side bet.,"Reasonable SDK depth (wallet connect, UCT settlement, real fixture data) and clear usefulness as a betting product, but this is a fairly conventional sportsbook UI with no autonomous-agent component — usefulness and craft are solid, but it doesn't distinguish itself on autonomy or network contribution the way its sibling submissions (TreasuryAgent, Kaima) do.",Pending,
Unicity Agent Bazaar,KNKCHN,TOOL,Autonomous Agents / Payments & Markets,unicityagentbazaar.vercel.app,Live-Verified,Bronze,"Well-articulated concept: an open marketplace where anyone can publish an agent as a paid service and buyers (human or agent) hire it with UCT held in on-chain escrow, released on delivery or refunded if not — essentially a generalized version of the escrow pattern several other submissions implement one-off. The 'quoted → funded → delivered → released' escrow flow is clearly diagrammed on the landing page.","All headline stats (agents, services, jobs settled, UCT flowed) read 0 and the page shows a persistent 'waking…' indicator that never resolved during review — the marketplace appears to have no real agents or activity registered yet, and 'Browse the marketplace' only scrolls the same landing page rather than opening real listings. Needs actual published agents and at least one real escrow cycle before its core value proposition can be verified.","Strong conceptual fit for usefulness and network contribution (a shared escrow marketplace would benefit many other builders in this queue), but with zero observable agents, services, or settled jobs, autonomy and SDK depth can't be verified from the current live state — this reads as a landing page for an idea more than a working marketplace right now.",Pending,
SphereBot,UniPay,TOOL,Social & Messaging / Payments & Markets,github.com/Kaypoops/spherebot,Repo-only,Unverifiable,"Repo-only submission but unusually well-documented for this category — a real README describing a Discord bot with concrete commands (!tip, !balance, !wallet, !escrow, !release, !split, !leaderboard) and actual Sphere SDK code snippets showing sphereClient.payments.send() and sphereClient.payments.lock() calls with correct 6-decimal UCT amount handling. Same builder org (Kaypoops) behind TreasuryAgent, Kaima, PredictSphere, and AgentWork elsewhere in this queue — this UniPay/Kaypoops group has consistently shown genuine, specific SDK usage across their other submissions (including real cross-agent payments observed in TreasuryAgent's transaction log), which raises confidence that this repo reflects real work even though it isn't deployed.","No live deployment — it's a Discord bot rather than a web app, so the ""live at a publicly viewable location"" eligibility rule is an awkward fit unless the builder can point to an invite link for a server where the bot is actually running. Ask the builder for that invite link or a short demo video/recording of the commands working before this can be scored alongside the rest of the queue.","Good disclosed SDK depth (real payment/escrow method calls, correct token-decimal handling) and a genuinely useful, novel channel (Discord-native group payments) consistent with the rest of this builder's strong portfolio in this campaign — but usefulness and craft can't be fully credited without a live, publicly reachable instance to actually interact with.",Pending,
Mintly,Pawan Labs,NFT,NFT / Autonomous Agents,mintly-sphere.vercel.app,Live-Verified,Bronze (preliminary),"Autonomous NFT marketplace matching the official example spirit: upload an NFT, set only a floor price, and a deterministic on-chain agent handles the rest — computes starting price, decays it toward the floor over time on a 20-minute cycle, verifies real Sphere UCT payments, and settles the sale with zero human approval. The pricing formula is explicitly disclosed as pure and reviewable (no randomness), which is a good transparency signal versus a black-box algorithm.","The live activity feed (/activity) was empty at check time — no real listings, price-decay events, or sales observed yet, so the autonomous loop is described but not yet demonstrated running. Ask the builder to seed a few real listings so reviewers can watch a decay cycle happen.","Strong conceptual fit for autonomy and SDK depth (deterministic pricing agent, real UCT settlement, no human step), and a genuinely novel use case for the NFT track. Usefulness and craft are currently capped by the empty live-activity feed — no real transaction has been observed.",Pending,
Trust Score Agent,Pawan Labs,UTILITY,Autonomous Agents / Open,sphere-trust-agent.vercel.app,Live-Verified,Bronze (preliminary),"On-chain reputation oracle: connects a wallet, pulls real trade history via the Sphere SDK, and computes a transparent trust score as (completed trades / total trades) x 100 — a pure, disclosed formula rather than a black box. The agent polls real testnet2 transfers every 15 seconds and classifies each as a completed trade or an abandoned intent with no human review. Refreshingly honest in-app: explicitly states the agent-activity feed ""may be empty if the agent wallet itself hasn't received a transfer recently,"" rather than papering over an idle state.","Both the main dashboard (Wallets Watched / Trade Events) and the Agent Activity feed showed placeholder dashes / ""Loading agent activity…"" at check time — no real score or live event was observed. Connect a test wallet with real trade history to confirm the scoring formula produces a sensible result end-to-end.","Good SDK depth (real on-chain data pull, disclosed scoring formula, 15s polling) and a useful network-contribution angle (reputation is infrastructure other builders could consume). Autonomy is real but unverified live; usefulness is currently capped by no observed real score.",Pending,
Orb Rush,Dakpluto,GAME,Games & Gaming,orb-rush.netlify.app,Live-Verified,Bronze,"Simple, functional 30-second reflex/clicker game (catch fading orbs, build a combo, miss and the multiplier resets) with a Sphere-wallet-linked identity for saving best runs — a clean, working example even if minimal.","No deep SDK use beyond wallet-linked score saving, no autonomy or economic loop — just a leaderboard identity bolted onto a reflex game.","Functional but shallow: SDK use is limited to identity/leaderboard linkage, no autonomy, and usefulness/craft are capped by the generic reflex-game template.",Pending,
Unicity Autonomous Agent Demo,reekystem,UTILITY,Autonomous Agents / Social & Messaging,unicity-agent-production.up.railway.app,Live-Verified,Bronze,"Real DM-driven autonomous agent: a live nametag (@buildbot_reekystem) and DIRECT:// wallet address, a genuine auto-accept policy (accepts payment requests under 5 UCT with no human approval), and a live activity log showing real inbound DMs being auto-replied to — this is observable autonomy, not just a description of it.","The activity log shows a clear recursive-echo bug — several replies contain nested, duplicated copies of the same auto-reply text (""Got it: ""Got it: ""Got it: ...""""), suggesting the agent is DMing itself or double-processing messages. Worth flagging to the builder directly since it undermines confidence in the auto-accept logic's correctness.","Good autonomy and SDK depth — a real nametag, real auto-accept threshold, and an observable (if buggy) live activity log. The echo bug is a genuine craft flaw that should be fixed before this can be scored higher.",Pending,
PredictaBot Arena,luongnhan,GAME,Games & Gaming / Autonomous Agents,predictabot.vercel.app,Live-Verified,Bronze (preliminary),"Interesting concept: a ""Game Master Oracle"" broadcasts prediction rounds over a real Nostr relay (wss://relay.snort.social), autonomous ""player"" agents submit predictions as staked Nostr intents, and an escrow contract settles the closest guess automatically at block finality — a genuine agent-vs-agent prediction market pattern rather than a human-vs-house game.","Every live stat (Total Gas, Active Nametags, Total Events, Active Rounds, Live Intent Stream, Events Received) reads 0 or a placeholder despite the relay connection status claiming ""Connected"" — no real round, prediction, or settlement was observed.","Strong conceptual fit for autonomy (agent-vs-agent prediction via Nostr) and originality relative to the many human-facing casino games in this batch, but every live metric is currently at zero, so usefulness and SDK depth are unverified in practice.",Pending,
SphereShare,Pawan Labs,DEFI,Payments & Markets / Autonomous Agents,sphereshare.vercel.app,Live-Verified,Bronze (preliminary),"Well-articulated bill-splitting and bulk-payout tool: connect via Sphere Connect, create a split or payout, share a join link, and an autonomous agent (running every 2 minutes) sends reminders, detects payments, and settles automatically with no human step. Clean explanation of the mechanics and a disclosed 2-minute agent loop.","Claims support for UCT, SOL, BTC, and ETH in the same wallet — worth clarifying with the builder whether the non-UCT tokens are genuinely bridged/wrapped on Unicity or whether this is boilerplate copy from a multi-chain template, since the rest of this campaign's apps are UCT-only. No live leaderboard or activity data was observed to confirm the autonomous loop is running for real.","Good conceptual fit for autonomy and usefulness (a real recurring-payment automation pattern), with clearly disclosed SDK/protocol usage. The multi-token claim needs clarification, and no live activity was observed to confirm the 2-minute agent loop is genuinely running.",Pending,
Pact,solo builder,Payments + Markets,Payments + Markets,pact-neon-three.vercel.app,Awarded,Awarded — Silver,"Giveaways, bounties, gated inboxes, alpha unlocks, attestations. One signed card each, verified on your device and settled wallet-to-wallet on Unicity.",N/A — already awarded and live on sphere.unicity.network.,"Correctly explains Unicity's actual bearer-token/proof-of-uniqueness model in plain language, ships real Sphere wallet connect, signed conditional 'pacts' with templates (bounty, whitelist, escrow, etc.), and explicitly designs for agent use. No server, no custody of funds.",Awarded,2500
Unicity Arcade House,KNKCHN,Games,Games,unicity-arcade-house.vercel.app,Awarded,Awarded — Silver,"A hall of provably-fair games vs an autonomous house. Bet real testnet UCT, win multipliers, and withdraw on-chain — settled by the agent itself, no human in the loop.",N/A — already awarded and live on sphere.unicity.network.,"Polished provably-fair casino concept, explicit testnet2 + Sphere SDK branding, 'no human in the loop, the agent pays you' autonomy claim, real wallet connect gate. Multiple games under one roof (not just a single mechanic).",Awarded,2500
Sphere 2048,Fraey Labs,Games,Games,sphere-2048.vercel.app,Awarded,Awarded — Bronze,"Connect your Sphere wallet, deposit UCT for move credits, and compete on global and weekly leaderboards. 50% of every weekly deposit feeds the prize pool for the top 5 players.",N/A — already awarded and live on sphere.unicity.network.,"Best economic design among the 2048 clones (real weekly prize pool funded by deposits) gives it an edge on usefulness and SDK depth versus its near-duplicates, but originality/craft is capped by the underlying game being a well-known template rather than an original mechanic.",Awarded,1000
Sphere Wishing Well,Pawan Labs,Social + Messaging,Social + Messaging,sphere-wishingwell.vercel.app,Awarded,Awarded — Bronze,Cast wishes on Unicity Sphere. Community votes with UCT. Fulfilled or not — the chain decides.,N/A — already awarded and live on sphere.unicity.network.,"Reasonable fit to the official prediction-market example idea, giving it credible usefulness and SDK depth (real UCT staking). Autonomy is limited — this is a human-driven staking/voting app, not an autonomous agent — but it's a great simple app.",Awarded,1000
